rally_uid,serverGetPoint,actionId,pointId
15188,1,7,9
15191,1,8,6
15194,1,13,0
15198,1,6,7
15201,1,7,9
15204,1,7,9
15207,1,8,9
15210,1,6,8
15213,1,0,0
15217,1,5,8
15220,1,13,8
15223,1,13,0
15226,0,1,7
15229,1,6,8
15232,0,8,9
15235,1,11,3
15238,1,7,3
15242,1,8,9
15245,0,0,0
15249,1,13,9
15253,1,6,8
15256,1,7,9
15259,0,8,9
15263,0,1,7
15267,1,0,0
15271,1,1,9
15274,0,13,9
15277,1,8,4
15281,0,7,9
15284,0,13,0
15287,1,14,7
15291,1,8,7
15294,0,0,0
15295,1,13,8
15299,0,3,7
15303,0,0,7
15306,0,1,7
15310,1,11,3
15312,0,7,3
15316,0,13,0
15319,0,13,0
15323,0,13,9
15327,1,0,0
15329,0,13,8
15335,0,0,0
15338,1,11,3
15344,1,13,9
15347,1,6,9
15350,1,1,9
15354,1,1,9
15358,0,13,8
15362,1,13,9
15366,0,14,8
15370,0,9,7
15374,0,8,9
15377,0,8,9
15381,1,9,9
15384,1,7,9
15387,1,7,9
15390,1,8,7
15393,0,8,7
15397,1,9,0
15401,0,1,7
15403,1,1,7
15406,1,9,7
15410,1,8,9
15413,1,8,7
15416,0,9,7
15418,1,9,7
15422,1,9,0
15426,1,9,7
15430,1,8,9
15433,1,9,7
15436,1,8,7
15440,0,8,7
15442,0,7,3
15446,0,13,0
15450,0,11,3
15454,1,0,0
15457,0,2,9
15460,1,2,8
15463,0,13,0
15466,1,2,9
15470,0,11,3
15474,0,4,9
15478,0,13,0
15482,1,0,0
15485,1,0,3
15488,1,4,9
15492,1,4,3
15495,1,4,3
15498,1,7,3
15501,1,11,3
15504,0,6,9
15507,0,6,9
15511,0,11,3
15514,0,2,9
15518,0,0,0
15522,1,0,0
15523,0,1,5
15527,1,12,7
15530,1,1,8
15533,1,1,5
15537,1,11,5
15541,1,7,3
15543,0,8,3
15547,1,10,6
15551,1,3,7
15554,1,1,5
15558,0,12,5
15561,1,10,6
15563,1,10,5
15566,1,0,3
15569,0,1,8
15573,1,7,3
15576,0,11,5
15579,0,1,5
15583,1,8,3
15585,0,7,5
15588,0,1,5
15592,1,12,5
15596,1,1,5
15599,1,0,0
15602,0,7,3
15603,1,1,5
15607,1,10,6
15610,1,1,5
15613,1,0,0
15616,0,1,5
15619,1,0,0
15622,0,5,7
15626,1,6,9
15629,1,0,0
15632,1,1,7
15635,1,13,8
15639,1,8,9
15641,1,0,3
15645,0,1,7
15649,0,8,6
15652,1,11,4
15655,1,6,9
15659,0,0,0
15660,1,0,0
15664,0,8,4
15668,0,10,3
15672,0,10,4
15675,1,8,3
15678,0,12,3
15681,1,8,9
15684,1,12,3
15688,0,1,9
15691,1,8,3
15694,0,7,3
15695,1,7,9
15704,0,5,7
15707,0,8,9
15710,1,4,5
15713,0,0,7
15720,1,8,9
15723,1,5,9
15727,1,5,9
15731,1,7,3
15732,1,13,8
15735,0,5,9
15739,1,13,8
15742,0,13,9
15746,0,13,9
15748,1,13,0
15751,1,7,9
15754,0,1,8
15757,0,7,5
15761,1,1,9
15765,0,7,9
15769,0,2,8
15773,1,7,4
15777,1,1,8
15780,0,7,3
15783,0,1,9
15786,1,0,0
15789,0,2,9
15793,1,1,8
15796,1,7,9
15799,0,8,9
15802,0,4,5
15805,0,1,9
15809,0,1,7
15812,1,7,9
15815,1,1,9
15818,1,1,9
15822,0,1,9
15826,1,7,8
15829,0,10,6
15832,1,7,9
15836,0,1,9
15839,1,7,9
15841,1,1,9
15844,1,14,8
15847,0,4,3
15850,1,13,8
15853,0,5,9
15857,1,0,0
15862,1,4,3
15865,1,0,0
15869,0,5,9
15872,1,7,3
15875,1,4,3
15879,1,0,0
15882,1,13,0
15885,0,0,0
15889,1,5,9
15893,0,4,3
15897,1,13,8
15901,1,1,9
15905,1,7,9
15907,0,13,9
15910,1,1,7
15914,0,8,9
15917,0,4,3
15920,0,8,7
15923,1,8,9
15927,1,13,8
15930,0,13,8
15933,1,4,3
15937,1,4,3
15940,1,13,9
15942,0,8,9
15945,1,7,9
15948,0,0,0
15951,0,0,7
15954,0,7,3
15957,1,8,9
15961,0,8,7
15964,0,9,6
15967,1,8,7
15970,1,9,3
15973,0,5,7
15977,0,9,0
15981,1,8,9
15985,1,8,9
15988,0,5,7
15992,1,8,7
15995,1,8,3
15999,0,8,7
16003,1,8,6
16006,0,8,7
16010,0,0,0
16014,1,8,6
16017,0,4,4
16020,1,13,8
16023,1,8,9
16027,0,1,8
16030,0,1,7
16032,1,8,9
16035,0,13,8
16039,0,13,0
16042,0,8,8
16046,1,7,4
16049,1,8,9
16052,0,6,8
16056,1,8,9
16060,1,7,9
16063,0,4,4
16064,0,7,5
16068,0,6,8
16071,1,1,9
16075,1,1,8
16078,1,4,5
16081,1,4,5
16085,0,6,8
16088,0,4,9
16091,0,1,7
16094,1,13,0
16098,0,13,0
16102,0,7,9
16105,1,6,8
16106,1,6,8
16109,0,1,8
16113,0,4,9
16117,0,2,0
16121,1,13,8
16124,1,4,3
16127,1,1,7
16131,0,13,0
16135,1,1,7
16138,0,4,5
16141,1,1,8
16144,1,0,0
16147,0,7,9
16151,0,6,9
16154,1,2,9
16158,1,13,9
16162,0,13,8
16165,1,0,0
16168,1,13,8
16170,1,7,9
16173,1,11,3
16176,1,13,0
16183,0,11,3
16187,1,11,3
16189,1,7,3
16192,1,7,9
16196,1,13,8
16200,0,0,0
16203,0,7,8
16205,1,7,8
16208,1,4,3
16211,0,13,8
16214,0,11,3
16218,0,7,8
16222,0,11,3
16223,1,8,9
16226,0,7,3
16229,0,7,3
16232,1,6,9
16236,0,7,3
16239,0,13,9
16242,1,13,9
16246,0,8,8
16249,1,11,3
16252,1,6,9
16256,0,8,9
16259,0,7,8
16262,0,7,3
16266,1,11,3
16269,0,7,3
16273,0,6,9
16276,0,0,0
16279,0,8,9
16283,1,6,9
16287,1,4,3
16288,1,1,9
16291,0,6,9
16294,0,13,9
16297,0,7,9
16300,0,5,7
16304,0,11,3
16307,0,6,9
16311,1,13,7
16314,0,5,9
16318,0,6,8
16322,0,0,7
16326,0,13,0
16327,1,11,3
16330,1,13,7
16333,1,7,3
16337,1,7,3
16340,1,1,7
16344,0,0,0
16347,0,7,8
16350,1,14,8
16354,1,4,9
16358,1,1,9
16362,1,6,9
16366,0,8,6
16369,0,5,9
16371,0,6,9
16374,1,8,5
16378,1,8,9
16381,0,6,9
16385,1,13,9
16388,0,13,8
16391,1,13,0
16395,1,11,3
16399,0,1,8
16401,1,8,9
16405,0,13,8
16409,1,10,4
16412,1,7,3
16420,0,8,6
16424,1,1,8
16428,1,8,3
16432,0,6,9
16436,0,13,8
16439,0,1,7
16440,1,7,3
16444,0,13,0
16448,0,5,9
16451,1,10,6
16455,1,8,9
16459,0,8,9
16460,1,11,3
16464,1,1,8
16468,0,13,0
16471,1,0,0
16475,1,13,0
16476,1,5,9
16480,0,7,9
16484,0,4,3
16488,1,0,0
16491,1,13,0
16498,1,0,9
16501,1,13,0
16505,0,4,3
16509,1,13,9
16512,1,13,0
16513,1,8,9
16517,1,1,9
16520,0,4,3
16523,1,4,3
16526,1,13,0
16528,0,13,0
16531,1,13,0
16534,0,13,0
16538,0,6,8
16541,1,1,9
16545,0,1,9
16549,0,8,9
16552,1,6,8
16556,1,11,3
16560,0,6,0
16564,1,0,0
16565,1,13,0
16568,1,6,9
16571,0,7,3
16574,1,0,0
16578,0,4,9
16581,1,6,8
16584,1,13,0
16588,1,1,9
16591,1,11,1
16594,0,6,0
16597,1,6,8
16601,1,2,9
16604,1,11,3
16608,0,11,1
16612,1,4,9
16619,0,6,8
16623,1,4,3
16626,0,6,0
16630,1,6,9
16634,0,13,0
16638,0,7,9
16639,1,13,0
16643,0,11,1
16647,0,0,0
16650,1,13,0
16654,0,4,3
16658,0,4,3
16659,0,6,9
16663,1,4,3
16666,1,11,3
16670,0,13,9
16674,0,11,1
16678,1,5,9
16681,0,2,7
16684,0,13,0
16687,0,11,3
16690,0,8,9
16694,0,5,9
16696,1,13,9
16699,0,0,0
16702,0,4,9
16706,1,4,9
16710,1,7,3
16713,1,3,9
16717,1,5,9
16721,0,5,9
16724,0,5,8
16727,1,2,8
16731,1,5,9
16735,0,1,7
16738,1,4,3
16742,0,13,8
16746,0,6,9
16747,1,13,9
16751,1,1,9
16755,1,11,3
16759,1,1,9
16763,0,4,9
16766,1,5,9
16767,1,5,9
16770,1,11,3
16774,0,13,0
16778,1,5,9
16782,0,5,9
16785,1,13,0
16789,1,6,9
16793,1,5,9
16795,0,13,8
16798,0,5,9
16802,0,13,8
16805,1,5,9
16808,0,5,9
16811,1,7,3
16814,1,4,3
16817,0,13,0
16821,0,5,9
16824,0,1,8
16828,1,10,4
16831,1,11,3
16834,1,11,3
16838,0,0,0
16842,0,11,3
16844,0,5,9
16847,1,11,3
16851,1,11,4
16855,1,11,3
16859,1,13,0
16862,1,5,9
16866,0,13,0
16870,0,13,9
16874,1,11,4
16877,1,7,3
16881,0,0,0
16885,1,7,3
16889,0,1,9
16892,1,13,8
16895,1,8,9
16898,0,3,7
16900,0,1,8
16903,1,7,9
16906,1,8,9
16909,0,0,0
16912,0,7,3
16917,1,6,9
16921,1,7,9
16924,1,13,8
16927,0,8,3
16931,0,6,8
16935,1,6,9
16939,0,1,7
16942,1,8,9
16945,0,1,8
16948,0,0,0
16952,1,8,9
16955,0,7,3
16958,1,8,3
16962,0,11,3
16966,0,7,3
16968,1,6,8
16971,0,0,0
16974,1,6,8
16977,1,1,9
16980,0,1,8
16984,1,0,0
16988,1,13,0
16992,1,11,3
16996,1,1,8
16997,1,6,8
17000,0,6,8
17004,1,5,9
17007,0,6,8
17011,1,7,3
17015,1,6,8
17018,0,0,0
17022,0,1,8
17026,1,6,8
17029,0,6,8
17032,0,6,8
17036,0,13,8
17039,1,1,8
17043,0,13,8
17046,0,0,0
17050,0,7,3
17054,1,1,7
17058,1,7,8
17062,1,13,9
17065,0,6,8
17068,0,11,3
17072,0,6,8
17076,1,7,3
17079,0,7,3
17083,1,0,7
17087,1,0,0
17088,0,7,8
17091,0,11,3
17095,1,1,8
17099,1,1,8
17102,0,1,7
17106,1,8,9
17109,0,7,3
17113,1,1,8
17117,0,1,8
17119,0,8,4
17123,0,8,7
17127,1,0,0
17133,1,13,0
17136,1,8,6
17138,1,6,9
17142,0,0,0
17146,1,8,6
17149,1,5,7
17157,0,0,7
17161,0,8,9
17164,1,8,9
17171,0,9,3
17174,0,10,3
17178,0,8,6
17181,0,8,7
17183,1,8,3
17187,0,8,6
17191,1,8,9
17199,1,8,7
17202,1,10,3
17206,0,8,7
17210,1,8,7
17214,0,9,0
17218,0,9,3
17221,1,8,3
17224,1,7,3
17227,1,0,0
17230,1,0,0
17234,1,7,3
17237,0,0,0
17240,1,1,7
17241,0,7,3
17244,1,6,9
17248,0,8,3
17252,0,1,9
17256,1,1,9
17259,0,1,9
17260,1,10,6
17264,1,8,9
17267,0,1,9
17271,1,0,0
17274,0,0,0
17278,0,1,9
17281,0,5,7
17284,0,10,3
17288,1,4,3
17291,1,14,8
17298,1,0,0
17305,0,1,9
17306,0,8,7
17317,0,8,7
17321,1,1,7
17325,1,7,9
17332,0,8,9
17335,0,3,7
17339,1,14,3
17343,1,12,7
17345,1,1,7
17348,1,13,0
17356,1,0,0
17359,1,1,9
17360,0,8,7
17363,1,8,9
17373,1,13,0
17376,0,1,9
17379,1,13,8
17383,1,4,4
17386,1,7,3
17390,0,13,0
17394,1,4,3
17398,1,6,8
17402,0,6,8
17406,0,1,9
17407,1,6,8
17410,1,8,9
17413,0,8,9
17416,1,6,8
17419,0,2,9
17423,0,0,0
17426,0,6,9
17429,0,13,0
17432,1,1,9
17435,1,7,3
17438,1,7,3
17441,0,7,3
17444,1,6,8
17448,1,4,3
17452,1,1,8
17456,0,11,3
17460,1,4,9
17463,1,8,9
17466,0,1,7
17470,0,6,8
17474,1,6,8
17478,0,0,0
17483,1,11,3
17487,1,1,7
17490,1,1,9
17496,0,6,9
17499,1,13,9
17502,0,5,7
17506,1,7,3
17509,0,6,9
17512,0,11,3
17515,0,8,9
17518,0,5,9
17522,0,6,9
17526,0,5,9
17530,0,6,9
17533,1,6,9
17537,1,8,9
17541,1,7,3
17545,1,8,9
17546,1,8,9
17550,0,0,0
17554,1,7,3
17557,1,8,9
17560,1,5,9
17564,0,13,0
17568,1,5,9
17572,0,13,9
17575,0,6,9
17578,0,6,9
17581,1,7,3
17584,1,7,3
17588,1,11,3
17591,0,11,3
17594,0,5,9
17598,0,8,7
17599,1,0,7
17603,1,0,0
17606,0,6,9
17610,1,7,3
17614,1,7,3
17617,1,0,0
17621,1,8,9
17625,0,13,0
17629,1,7,3
17633,0,6,0
17636,0,4,3
17639,1,4,9
17642,1,6,8
17646,0,0,0
17650,0,4,3
17654,1,5,0
17658,1,5,8
17662,0,0,0
17665,1,8,3
17669,0,4,3
17672,1,0,0
17674,1,8,5
17678,1,5,9
17682,1,4,3
17685,0,0,0
17689,1,8,7
17692,1,5,8
17696,0,8,3
17700,1,8,3
17703,1,0,0
17706,1,0,0
17710,1,4,3
17714,0,1,9
17718,0,8,9
17721,1,8,9
17724,0,7,9
17728,0,13,8
17731,1,1,9
17736,1,1,9
17740,0,14,8
17743,0,12,6
17746,0,1,7
17749,1,12,3
17752,0,13,8
17756,0,8,7
17759,1,1,9
17763,0,1,8
17765,0,11,4
17768,0,14,0
17771,0,8,4
17775,1,11,4
17778,0,8,7
17781,1,1,7
17785,1,13,0
17789,1,7,9
17793,1,2,9
17797,1,7,3
17800,0,7,3
17804,0,11,3
17807,0,11,3
17811,0,7,9
17814,0,0,0
17818,1,0,0
17820,0,4,9
17823,1,2,8
17826,0,11,3
17830,1,13,0
17834,1,7,9
17838,0,4,3
17839,1,13,0
17842,1,1,9
17846,0,13,0
17850,1,0,0
17854,0,13,9
17857,0,0,7
17861,1,13,0
17863,1,5,9
17867,1,4,3
17871,1,1,8
17875,1,11,3
17879,1,11,3
17883,1,5,9
17886,0,2,9
17890,1,13,0
17893,1,11,3
17897,1,13,0
17900,0,6,9
17904,0,7,9
17912,1,6,9
17916,1,6,9
17919,0,6,9
17923,0,1,7
17926,0,7,3
17929,1,7,3
17930,0,7,3
17933,1,6,9
17937,0,1,7
17940,1,7,3
17944,0,13,0
17947,1,7,9
17948,0,8,9
17952,1,7,3
17955,0,6,9
17958,1,7,9
17962,1,13,0
17966,0,7,9
17970,1,7,7
17974,1,7,9
17977,1,7,3
17981,1,6,8
17985,0,13,9
17988,1,6,9
17992,1,7,3
17995,1,8,8
17998,0,5,7
18001,1,6,9
18004,0,13,8
18007,1,7,3
18010,0,5,0
18014,1,13,0
18017,0,13,0
18020,1,6,9
18024,0,8,8
18027,1,8,9
18031,1,8,3
18034,0,1,7
18037,0,13,8
18040,1,8,9
18043,0,13,9
18047,0,1,7
18051,0,4,4
18055,1,3,7
18059,1,13,8
18062,1,13,8
18065,0,7,7
18068,1,4,9
18071,0,13,8
18074,0,13,8
18077,0,13,0
18080,1,13,0
18084,0,6,9
18087,1,1,7
18088,0,1,9
18091,0,5,9
18094,1,7,4
18098,0,7,4
18102,1,8,9
18106,1,8,9
18108,0,7,9
18111,0,0,7
18115,0,4,3
18119,0,7,9
18125,1,8,9
18127,0,5,9
18131,1,7,4
18135,0,0,7
18139,1,4,3
18143,0,7,9
18146,1,1,5
18150,0,7,7
18153,1,6,8
18157,0,13,0
18161,1,7,3
18164,1,13,8
18167,0,1,8
18168,0,7,3
18172,0,6,8
18176,1,7,3
18180,1,0,0
18183,1,6,8
18187,1,8,5
18191,1,13,8
18194,0,7,3
18197,0,6,8
18201,0,13,8
18203,1,7,3
18206,0,7,9
18210,0,13,0
18213,1,7,3
18216,1,13,8
18219,1,1,8
18222,1,7,3
18225,0,11,3
18228,0,0,7
18232,1,11,3
18236,1,7,7
18238,0,7,3
18242,1,13,8
18245,1,1,8
18248,1,0,0
18252,1,11,3
18256,1,13,8
18258,1,7,3
18261,1,7,3
18264,1,13,8
18267,0,1,8
18271,0,6,8
18275,0,1,8
18278,1,11,3
18282,1,8,9
18286,0,13,8
18290,0,7,3
18294,1,13,0
18297,0,13,0
18301,0,13,9
18304,1,0,0
18307,1,14,0
18310,1,11,3
18314,1,1,9
18318,1,1,9
18321,1,4,9
18325,1,1,9
18328,1,4,4
18332,1,2,9
18335,0,8,9
18339,1,1,9
18347,1,8,9
18350,0,5,9
18354,1,13,0
18357,0,4,3
18360,0,13,0
18364,1,8,9
18367,0,1,9
18368,0,1,5
18371,1,7,3
18374,1,2,5
18378,1,7,3
18382,1,2,5
18386,0,2,5
18389,0,2,5
18392,1,13,0
18394,1,7,5
18397,1,10,5
18401,0,2,5
18405,0,7,5
18408,1,7,3
18411,0,7,3
18413,1,6,5
18416,1,2,5
18420,0,2,5
18424,0,8,5
18428,1,2,5
18432,0,0,0
18435,1,7,5
18439,0,8,5
18442,1,7,5
18446,0,2,5
18447,0,13,5
18451,1,2,5
18454,0,2,5
18458,0,0,0
18461,0,2,5
18465,1,5,5
18467,0,7,3
18470,1,7,3
18474,0,1,5
18477,1,0,0
18481,1,7,3
18483,0,8,6
18486,0,3,7
18490,0,8,4
18494,1,8,6
18497,1,0,0
18500,1,14,0
18501,0,12,6
18504,1,8,3
18507,1,7,6
18510,0,10,6
18513,0,8,6
18515,0,8,7
18518,0,8,9
18521,0,8,6
18524,1,8,6
18527,0,3,7
18530,1,13,0
18533,1,7,9
18536,1,7,3
18540,1,13,0
18543,0,4,9
18546,1,11,3
18548,1,0,0
18551,1,0,0
18554,1,11,3
18558,0,1,9
18561,1,7,7
18564,1,11,3
18566,1,4,9
18569,1,11,3
18572,1,11,3
18576,0,0,0
18579,0,4,9
18583,1,7,9
18586,0,6,9
18589,1,11,3
18593,1,11,3
18596,0,11,3
18599,0,1,9
18603,0,11,3
18606,1,11,3
18608,0,0,0
18612,0,7,5
18616,0,4,5
18620,1,2,9
18623,1,1,9
18624,0,0,7
18627,0,7,9
18630,0,1,8
18634,0,0,0
18638,1,4,5
18641,1,10,5
18644,1,7,5
18648,0,2,9
18652,1,2,9
18656,1,2,9
18659,1,2,0
18663,0,1,9
18666,1,7,4
18672,0,13,8
18676,1,5,9
18679,1,13,9
18682,1,7,9
18683,1,7,3
18687,1,1,8
18691,1,4,3
18695,0,4,3
18697,0,11,3
18701,0,8,5
18705,1,10,3
18708,1,4,3
18711,1,11,2
18714,1,11,3
18716,1,5,8
18720,1,11,3
18723,0,10,3
18727,1,7,3
18731,0,6,8
18732,0,7,5
18736,0,0,0
18740,0,11,3
18743,1,10,3
18747,1,1,8
18751,0,13,8
18755,1,6,8
18759,1,7,8
18760,1,5,8
18763,0,7,3
18767,1,13,8
18770,0,7,3
18773,1,1,8
18776,1,0,0
18779,1,8,9
18783,1,13,0
18786,1,0,0
18790,0,1,9
18793,0,6,8
18796,1,10,3
18800,1,7,9
18803,1,6,9
18807,1,6,9
18811,0,7,3
18815,1,6,9
18818,0,13,0
18822,0,6,9
18826,1,7,9
18830,1,13,0
18833,1,13,0
18836,1,13,0
18843,0,13,0
18846,1,1,9
18849,0,4,3
18853,0,13,8
18857,1,7,9
18858,1,7,3
18862,1,0,0
18865,0,0,0
18869,0,8,6
18876,1,5,9
18879,0,6,9
18882,1,7,4
18886,1,8,9
18890,0,8,5
18894,0,0,0
18898,1,8,7
18901,0,13,8
18904,1,7,9
18907,1,7,7
18911,0,0,7
18914,0,5,9
18917,0,1,3
18920,1,8,9
18924,0,8,7
18928,0,10,6
18932,0,8,7
18936,1,0,0
18940,1,0,0
18943,1,8,9
18944,0,7,3
18948,0,8,9
18955,1,6,9
18958,1,13,0
18959,1,7,9
18962,1,6,8
18965,1,7,3
18968,1,8,8
18972,1,6,9
18973,0,8,9
18977,1,13,8
18981,0,14,8
18985,1,1,9
18989,1,1,9
18992,1,1,9
18995,1,13,0
18998,1,1,9
19002,1,1,9
19006,1,0,0
19009,1,8,9
19010,0,13,9
19014,1,8,9
19018,1,7,9
19021,1,5,9
19024,1,10,4
19028,1,13,0
19029,0,0,0
19030,0,7,5
19033,0,0,0
19037,1,13,5
19040,0,13,0
19043,1,5,7
19046,1,6,8
19050,1,7,3
19054,1,0,0
19057,0,0,0
19060,1,7,3
19064,1,7,3
19065,0,0,0
19068,1,0,0
19071,0,0,5
19075,0,2,5
19078,1,7,5
19082,1,7,5
19083,1,2,9
19087,1,4,9
19090,0,1,9
19094,1,2,9
19097,1,4,3
19104,0,2,9
19108,0,2,9
19109,0,1,7
19113,1,11,3
19117,1,11,3
19121,1,13,8
19124,1,8,7
19128,0,1,7
19129,1,13,0
19133,1,8,9
19136,1,13,8
19140,1,11,4
19144,1,1,9
19147,0,13,8
19151,1,8,4
19153,1,13,8
19156,1,8,4
19160,1,13,0
19164,0,8,7
19167,1,1,7
19171,1,8,7
19175,1,1,8
19179,0,1,7
19182,1,13,8
19186,1,7,4
19189,0,14,0
19192,0,8,9
19195,1,8,7
19201,0,14,3
19205,1,8,7
19208,1,0,0
19211,0,13,7
19214,0,11,4
19217,0,8,4
19219,1,8,9
19225,1,1,9
19228,0,1,7
19231,0,7,9
19234,0,13,8
19236,0,7,9
19240,0,8,9
19244,1,13,9
19248,0,5,7
19252,1,13,8
19255,0,13,8
19259,1,4,3
19262,0,8,9
19264,0,8,9
19268,0,8,9
19272,1,7,9
19276,0,5,9
19279,0,4,3
19281,1,8,7
19284,1,0,0
19288,1,7,3
19292,1,13,8
19296,0,8,9
19299,1,8,3
19301,0,0,0
19305,0,2,8
19309,0,13,9
19312,0,13,0
19315,0,4,3
19319,1,5,9
19323,1,4,9
19326,0,5,9
19330,1,7,9
19333,1,8,3
19337,1,0,0
19338,1,6,9
19341,0,7,3
19344,0,7,3
19351,0,13,8
19354,0,7,3
19357,0,11,3
19360,1,6,9
19366,1,6,9
19370,0,11,3
19372,1,7,9
19375,0,13,9
19379,1,7,3
19383,1,4,3
19385,0,1,8
19389,0,0,0
19393,1,7,3
19397,1,2,9
19400,1,4,9
19404,1,13,9
